INSERT INTO SALON (ID, STREET, DISTRICT_ID, PROVINCE_ID, WARD_ID, IMAGE) values
(10, '1172 Kha Vạn Cân', 24, 1, 317, 'https://firebasestorage.googleapis.com/v0/b/sms-fe.appspot.com/o/salon-banner%2F10.png?alt=media&token=18975aac-4297-4ba5-b216-530dd8791c1b'),
(11, '359 Lê Quang Định', 3, 1, 48, 'https://firebasestorage.googleapis.com/v0/b/sms-fe.appspot.com/o/salon-banner%2F11.png?alt=media&token=18975aac-4297-4ba5-b216-530dd8791c1b'),
(12, '2 Nguyễn Thị Minh Khai', 10, 1, 134, 'https://firebasestorage.googleapis.com/v0/b/sms-fe.appspot.com/o/salon-banner%2F12.png?alt=media&token=18975aac-4297-4ba5-b216-530dd8791c1b'),
(13, '194 Lê Văn Việt', 21, 1, 292, 'https://firebasestorage.googleapis.com/v0/b/sms-fe.appspot.com/o/salon-banner%2F13.png?alt=media&token=18975aac-4297-4ba5-b216-530dd8791c1b'),
(14, '150 Trường Chinh', 22, 1, 12, 'https://firebasestorage.googleapis.com/v0/b/sms-fe.appspot.com/o/salon-banner%2F14.png?alt=media&token=18975aac-4297-4ba5-b216-530dd8791c1b'),
(15, '109 Trần Quốc Hoàng', 28, 2, 386, 'https://firebasestorage.googleapis.com/v0/b/sms-fe.appspot.com/o/salon-banner%2F15.png?alt=media&token=18975aac-4297-4ba5-b216-530dd8791c1b'),
(16, '163 Hàng Bông', 37, 2, 573, 'https://firebasestorage.googleapis.com/v0/b/sms-fe.appspot.com/o/salon-banner%2F16.png?alt=media&token=18975aac-4297-4ba5-b216-530dd8791c1b'),
(17, '407 Trường Chinh', 52, 2, 847, 'https://firebasestorage.googleapis.com/v0/b/sms-fe.appspot.com/o/salon-banner%2F17.png?alt=media&token=18975aac-4297-4ba5-b216-530dd8791c1b'),
(18, '235 Đội Cấn', 25, 2, 332, 'https://firebasestorage.googleapis.com/v0/b/sms-fe.appspot.com/o/salon-banner%2F18.png?alt=media&token=18975aac-4297-4ba5-b216-530dd8791c1b'),
(19, '168 Nguyễn Văn Cừ', 24, 2, 317, 'https://firebasestorage.googleapis.com/v0/b/sms-fe.appspot.com/o/salon-banner%2F19.png?alt=media&token=18975aac-4297-4ba5-b216-530dd8791c1b');

-- Account Employee Salon 10
INSERT INTO ACCOUNT (ID, USERNAME, PASSWORD, VERSION)
VALUES (10, 'manager10', '$2a$10$UPI/M6h5rH7D2BT1R/.4jeJ2WO5.7rltwQvHyQwKavDTM0YjST9NK', 0);
INSERT INTO ACCOUNT (ID, USERNAME, PASSWORD, VERSION)
VALUES (11, 'cashier10', '$2a$10$UPI/M6h5rH7D2BT1R/.4jeJ2WO5.7rltwQvHyQwKavDTM0YjST9NK', 0);
INSERT INTO ACCOUNT (ID, USERNAME, PASSWORD, VERSION)
VALUES (12, 'stylist101', '$2a$10$UPI/M6h5rH7D2BT1R/.4jeJ2WO5.7rltwQvHyQwKavDTM0YjST9NK', 0);
INSERT INTO ACCOUNT (ID, USERNAME, PASSWORD, VERSION)
VALUES (13, 'stylist102', '$2a$10$UPI/M6h5rH7D2BT1R/.4jeJ2WO5.7rltwQvHyQwKavDTM0YjST9NK', 0);
INSERT INTO ACCOUNT (ID, USERNAME, PASSWORD, VERSION)
VALUES (14, 'stylist103', '$2a$10$UPI/M6h5rH7D2BT1R/.4jeJ2WO5.7rltwQvHyQwKavDTM0YjST9NK', 0);
INSERT INTO ACCOUNT (ID, USERNAME, PASSWORD, VERSION)
VALUES (15, 'stylist104', '$2a$10$UPI/M6h5rH7D2BT1R/.4jeJ2WO5.7rltwQvHyQwKavDTM0YjST9NK', 0);
INSERT INTO ACCOUNT (ID, USERNAME, PASSWORD, VERSION)
VALUES (16, 'stylist105', '$2a$10$UPI/M6h5rH7D2BT1R/.4jeJ2WO5.7rltwQvHyQwKavDTM0YjST9NK', 0);

-- Add account role salon 10
INSERT INTO ACCOUNT_ROLE (ACCOUNT_ID, ROLE_ID)
VALUES (10,2), (11,3), (12,4), (13,4), (14,4), (15,4), (16,4);

-- Add employee info salon 10
INSERT INTO EMPLOYEE (ID, ADDRESS, ID_CARD, NAME, PHONE_NUMBER, SALARY, SALON_ID, ACCOUNT_ID)
VALUES (10, '01 Võ Văn Ngân, Thủ Đức, Hồ Chí Minh', '222222221', 'Hưng', '0987654321', 0, 10, 10);
INSERT INTO EMPLOYEE (ID, ADDRESS, ID_CARD, NAME, PHONE_NUMBER, SALARY, SALON_ID, ACCOUNT_ID)
VALUES (11, '02 Kha Vạn Cân, Thủ Đức, Hồ Chí Minh', '222222222', 'Trầm', '0987654321', 0, 10, 11);
INSERT INTO EMPLOYEE (ID, ADDRESS, ID_CARD, NAME, PHONE_NUMBER, SALARY, SALON_ID, ACCOUNT_ID)
VALUES (12, '03 Hoàng Diệu 2, Thủ Đức, Hồ Chí Minh', '222222223', 'Duy', '0987654322', 0, 10, 12);
INSERT INTO EMPLOYEE (ID, ADDRESS, ID_CARD, NAME, PHONE_NUMBER, SALARY, SALON_ID, ACCOUNT_ID)
VALUES (13, '04 Phạm Văn Đồng, Thủ Đức, Hồ Chí Minh', '222222224', 'Tú', '0987654323', 0, 10, 13);
INSERT INTO EMPLOYEE (ID, ADDRESS, ID_CARD, NAME, PHONE_NUMBER, SALARY, SALON_ID, ACCOUNT_ID)
VALUES (14, '05 Linh Trung, Thủ Đức, Hồ Chí Minh', '222222225', 'Khiêm', '0987654324', 0, 10, 14);
INSERT INTO EMPLOYEE (ID, ADDRESS, ID_CARD, NAME, PHONE_NUMBER, SALARY, SALON_ID, ACCOUNT_ID)
VALUES (15, '06 Đường Số 7, Thủ Đức, Hồ Chí Minh', '222222226', 'Hiền', '0987654325', 0, 10, 15);
INSERT INTO EMPLOYEE (ID, ADDRESS, ID_CARD, NAME, PHONE_NUMBER, SALARY, SALON_ID, ACCOUNT_ID)
VALUES (16, '07 Đường Số 6, Thủ Đức, Hồ Chí Minh', '222222227', 'Nam', '0987654326', 0, 10, 16);

UPDATE SALON SET MANAGER_ID = 10 WHERE ID = 10;

-- Account Employee Salon 11
INSERT INTO ACCOUNT (ID, USERNAME, PASSWORD, VERSION)
VALUES (20, 'manager20', '$2a$10$UPI/M6h5rH7D2BT1R/.4jeJ2WO5.7rltwQvHyQwKavDTM0YjST9NK', 0);
INSERT INTO ACCOUNT (ID, USERNAME, PASSWORD, VERSION)
VALUES (21, 'cashier20', '$2a$10$UPI/M6h5rH7D2BT1R/.4jeJ2WO5.7rltwQvHyQwKavDTM0YjST9NK', 0);
INSERT INTO ACCOUNT (ID, USERNAME, PASSWORD, VERSION)
VALUES (22, 'stylist201', '$2a$10$UPI/M6h5rH7D2BT1R/.4jeJ2WO5.7rltwQvHyQwKavDTM0YjST9NK', 0);
INSERT INTO ACCOUNT (ID, USERNAME, PASSWORD, VERSION)
VALUES (23, 'stylist202', '$2a$10$UPI/M6h5rH7D2BT1R/.4jeJ2WO5.7rltwQvHyQwKavDTM0YjST9NK', 0);
INSERT INTO ACCOUNT (ID, USERNAME, PASSWORD, VERSION)
VALUES (24, 'stylist203', '$2a$10$UPI/M6h5rH7D2BT1R/.4jeJ2WO5.7rltwQvHyQwKavDTM0YjST9NK', 0);
INSERT INTO ACCOUNT (ID, USERNAME, PASSWORD, VERSION)
VALUES (25, 'stylist204', '$2a$10$UPI/M6h5rH7D2BT1R/.4jeJ2WO5.7rltwQvHyQwKavDTM0YjST9NK', 0);
INSERT INTO ACCOUNT (ID, USERNAME, PASSWORD, VERSION)
VALUES (26, 'stylist205', '$2a$10$UPI/M6h5rH7D2BT1R/.4jeJ2WO5.7rltwQvHyQwKavDTM0YjST9NK', 0);

-- Add account role salon 11
INSERT INTO ACCOUNT_ROLE (ACCOUNT_ID, ROLE_ID)
VALUES (20,2), (21,3), (22,4), (23,4), (24,4), (25,4), (26,4);

-- Add employee info salon 11
INSERT INTO EMPLOYEE (ID, ADDRESS, ID_CARD, NAME, PHONE_NUMBER, SALARY, SALON_ID, ACCOUNT_ID)
VALUES (20, '01 Võ Văn Ngân, Thủ Đức, Hồ Chí Minh', '122222221', 'An', '0987654321', 0, 11, 20);
INSERT INTO EMPLOYEE (ID, ADDRESS, ID_CARD, NAME, PHONE_NUMBER, SALARY, SALON_ID, ACCOUNT_ID)
VALUES (21, '02 Kha Vạn Cân, Thủ Đức, Hồ Chí Minh', '122222222', 'Bảo', '0987654321', 0, 11, 21);
INSERT INTO EMPLOYEE (ID, ADDRESS, ID_CARD, NAME, PHONE_NUMBER, SALARY, SALON_ID, ACCOUNT_ID)
VALUES (22, '03 Hoàng Diệu 2, Thủ Đức, Hồ Chí Minh', '122222223', 'Cường', '0987654322', 0, 11, 22);
INSERT INTO EMPLOYEE (ID, ADDRESS, ID_CARD, NAME, PHONE_NUMBER, SALARY, SALON_ID, ACCOUNT_ID)
VALUES (23, '04 Phạm Văn Đồng, Thủ Đức, Hồ Chí Minh', '122222224', 'Dương', '0987654323', 0, 11, 23);
INSERT INTO EMPLOYEE (ID, ADDRESS, ID_CARD, NAME, PHONE_NUMBER, SALARY, SALON_ID, ACCOUNT_ID)
VALUES (24, '05 Linh Trung, Thủ Đức, Hồ Chí Minh', '122222225', 'Gia', '0987654324', 0, 11, 24);
INSERT INTO EMPLOYEE (ID, ADDRESS, ID_CARD, NAME, PHONE_NUMBER, SALARY, SALON_ID, ACCOUNT_ID)
VALUES (25, '06 Đường Số 7, Thủ Đức, Hồ Chí Minh', '122222226', 'Hoàng', '0987654325', 0, 11, 25);
INSERT INTO EMPLOYEE (ID, ADDRESS, ID_CARD, NAME, PHONE_NUMBER, SALARY, SALON_ID, ACCOUNT_ID)
VALUES (26, '07 Đường Số 6, Thủ Đức, Hồ Chí Minh', '122222227', 'Kiên', '0987654326', 0, 11, 26);

UPDATE SALON SET MANAGER_ID = 20 WHERE ID = 11;

-- Account Employee Salon 12
INSERT INTO ACCOUNT (ID, USERNAME, PASSWORD, VERSION)
VALUES (30, 'manager30', '$2a$10$UPI/M6h5rH7D2BT1R/.4jeJ2WO5.7rltwQvHyQwKavDTM0YjST9NK', 0);
INSERT INTO ACCOUNT (ID, USERNAME, PASSWORD, VERSION)
VALUES (31, 'cashier30', '$2a$10$UPI/M6h5rH7D2BT1R/.4jeJ2WO5.7rltwQvHyQwKavDTM0YjST9NK', 0);
INSERT INTO ACCOUNT (ID, USERNAME, PASSWORD, VERSION)
VALUES (32, 'stylist301', '$2a$10$UPI/M6h5rH7D2BT1R/.4jeJ2WO5.7rltwQvHyQwKavDTM0YjST9NK', 0);
INSERT INTO ACCOUNT (ID, USERNAME, PASSWORD, VERSION)
VALUES (33, 'stylist302', '$2a$10$UPI/M6h5rH7D2BT1R/.4jeJ2WO5.7rltwQvHyQwKavDTM0YjST9NK', 0);
INSERT INTO ACCOUNT (ID, USERNAME, PASSWORD, VERSION)
VALUES (34, 'stylist303', '$2a$10$UPI/M6h5rH7D2BT1R/.4jeJ2WO5.7rltwQvHyQwKavDTM0YjST9NK', 0);
INSERT INTO ACCOUNT (ID, USERNAME, PASSWORD, VERSION)
VALUES (35, 'stylist304', '$2a$10$UPI/M6h5rH7D2BT1R/.4jeJ2WO5.7rltwQvHyQwKavDTM0YjST9NK', 0);
INSERT INTO ACCOUNT (ID, USERNAME, PASSWORD, VERSION)
VALUES (36, 'stylist305', '$2a$10$UPI/M6h5rH7D2BT1R/.4jeJ2WO5.7rltwQvHyQwKavDTM0YjST9NK', 0);

-- Add account role salon 12
INSERT INTO ACCOUNT_ROLE (ACCOUNT_ID, ROLE_ID)
VALUES (30,2), (31,3), (32,4), (33,4), (34,4), (35,4), (36,4);

-- Add employee info salon 12
INSERT INTO EMPLOYEE (ID, ADDRESS, ID_CARD, NAME, PHONE_NUMBER, SALARY, SALON_ID, ACCOUNT_ID)
VALUES (30, '01 Võ Văn Ngân, Thủ Đức, Hồ Chí Minh', '322222221', 'Anh', '0987654321', 0, 12, 30);
INSERT INTO EMPLOYEE (ID, ADDRESS, ID_CARD, NAME, PHONE_NUMBER, SALARY, SALON_ID, ACCOUNT_ID)
VALUES (31, '02 Kha Vạn Cân, Thủ Đức, Hồ Chí Minh', '322222222', 'Bình', '0987654321', 0, 12, 31);
INSERT INTO EMPLOYEE (ID, ADDRESS, ID_CARD, NAME, PHONE_NUMBER, SALARY, SALON_ID, ACCOUNT_ID)
VALUES (32, '03 Hoàng Diệu 2, Thủ Đức, Hồ Chí Minh', '322222223', 'Châu', '0987654322', 0, 12, 32);
INSERT INTO EMPLOYEE (ID, ADDRESS, ID_CARD, NAME, PHONE_NUMBER, SALARY, SALON_ID, ACCOUNT_ID)
VALUES (33, '04 Phạm Văn Đồng, Thủ Đức, Hồ Chí Minh', '322222224', 'Dũng', '0987654323', 0, 12, 33);
INSERT INTO EMPLOYEE (ID, ADDRESS, ID_CARD, NAME, PHONE_NUMBER, SALARY, SALON_ID, ACCOUNT_ID)
VALUES (34, '05 Linh Trung, Thủ Đức, Hồ Chí Minh', '322222225', 'Giang', '0987654324', 0, 12, 34);
INSERT INTO EMPLOYEE (ID, ADDRESS, ID_CARD, NAME, PHONE_NUMBER, SALARY, SALON_ID, ACCOUNT_ID)
VALUES (35, '06 Đường Số 7, Thủ Đức, Hồ Chí Minh', '322222226', 'Huy', '0987654325', 0, 12, 35);
INSERT INTO EMPLOYEE (ID, ADDRESS, ID_CARD, NAME, PHONE_NUMBER, SALARY, SALON_ID, ACCOUNT_ID)
VALUES (36, '07 Đường Số 6, Thủ Đức, Hồ Chí Minh', '322222227', 'Khang', '0987654326', 0, 12, 36);

UPDATE SALON SET MANAGER_ID = 30 WHERE ID = 12;

-- Account Employee Salon 13
INSERT INTO ACCOUNT (ID, USERNAME, PASSWORD, VERSION)
VALUES (40, 'manager40', '$2a$10$UPI/M6h5rH7D2BT1R/.4jeJ2WO5.7rltwQvHyQwKavDTM0YjST9NK', 0);
INSERT INTO ACCOUNT (ID, USERNAME, PASSWORD, VERSION)
VALUES (41, 'cashier40', '$2a$10$UPI/M6h5rH7D2BT1R/.4jeJ2WO5.7rltwQvHyQwKavDTM0YjST9NK', 0);
INSERT INTO ACCOUNT (ID, USERNAME, PASSWORD, VERSION)
VALUES (42, 'stylist401', '$2a$10$UPI/M6h5rH7D2BT1R/.4jeJ2WO5.7rltwQvHyQwKavDTM0YjST9NK', 0);
INSERT INTO ACCOUNT (ID, USERNAME, PASSWORD, VERSION)
VALUES (43, 'stylist402', '$2a$10$UPI/M6h5rH7D2BT1R/.4jeJ2WO5.7rltwQvHyQwKavDTM0YjST9NK', 0);
INSERT INTO ACCOUNT (ID, USERNAME, PASSWORD, VERSION)
VALUES (44, 'stylist403', '$2a$10$UPI/M6h5rH7D2BT1R/.4jeJ2WO5.7rltwQvHyQwKavDTM0YjST9NK', 0);
INSERT INTO ACCOUNT (ID, USERNAME, PASSWORD, VERSION)
VALUES (45, 'stylist404', '$2a$10$UPI/M6h5rH7D2BT1R/.4jeJ2WO5.7rltwQvHyQwKavDTM0YjST9NK', 0);
INSERT INTO ACCOUNT (ID, USERNAME, PASSWORD, VERSION)
VALUES (46, 'stylist405', '$2a$10$UPI/M6h5rH7D2BT1R/.4jeJ2WO5.7rltwQvHyQwKavDTM0YjST9NK', 0);

-- Add account role salon 13
INSERT INTO ACCOUNT_ROLE (ACCOUNT_ID, ROLE_ID)
VALUES (40,2), (41,3), (42,4), (43,4), (44,4), (45,4), (46,4);

-- Add employee info salon 13
INSERT INTO EMPLOYEE (ID, ADDRESS, ID_CARD, NAME, PHONE_NUMBER, SALARY, SALON_ID, ACCOUNT_ID)
VALUES (40, '01 Võ Văn Ngân, Thủ Đức, Hồ Chí Minh', '422222221', 'Anh', '0987654421', 0, 13, 40);
INSERT INTO EMPLOYEE (ID, ADDRESS, ID_CARD, NAME, PHONE_NUMBER, SALARY, SALON_ID, ACCOUNT_ID)
VALUES (41, '02 Kha Vạn Cân, Thủ Đức, Hồ Chí Minh', '422222222', 'Bình', '0987654421', 0, 13, 41);
INSERT INTO EMPLOYEE (ID, ADDRESS, ID_CARD, NAME, PHONE_NUMBER, SALARY, SALON_ID, ACCOUNT_ID)
VALUES (42, '03 Hoàng Diệu 2, Thủ Đức, Hồ Chí Minh', '422222223', 'Châu', '0987654422', 0, 13, 42);
INSERT INTO EMPLOYEE (ID, ADDRESS, ID_CARD, NAME, PHONE_NUMBER, SALARY, SALON_ID, ACCOUNT_ID)
VALUES (43, '04 Phạm Văn Đồng, Thủ Đức, Hồ Chí Minh', '422222224', 'Dũng', '0987654423', 0, 13, 43);
INSERT INTO EMPLOYEE (ID, ADDRESS, ID_CARD, NAME, PHONE_NUMBER, SALARY, SALON_ID, ACCOUNT_ID)
VALUES (44, '05 Linh Trung, Thủ Đức, Hồ Chí Minh', '422222225', 'Giang', '0987654424', 0, 13, 44);
INSERT INTO EMPLOYEE (ID, ADDRESS, ID_CARD, NAME, PHONE_NUMBER, SALARY, SALON_ID, ACCOUNT_ID)
VALUES (45, '06 Đường Số 7, Thủ Đức, Hồ Chí Minh', '422222226', 'Huy', '0987654425', 0, 13, 45);
INSERT INTO EMPLOYEE (ID, ADDRESS, ID_CARD, NAME, PHONE_NUMBER, SALARY, SALON_ID, ACCOUNT_ID)
VALUES (46, '07 Đường Số 6, Thủ Đức, Hồ Chí Minh', '422222227', 'Khang', '0987654426', 0, 13, 46);

UPDATE SALON SET MANAGER_ID = 40 WHERE ID = 13;

-- Account Employee Salon 14
INSERT INTO ACCOUNT (ID, USERNAME, PASSWORD, VERSION)
VALUES (50, 'manager50', '$2a$10$UPI/M6h5rH7D2BT1R/.4jeJ2WO5.7rltwQvHyQwKavDTM0YjST9NK', 0);
INSERT INTO ACCOUNT (ID, USERNAME, PASSWORD, VERSION)
VALUES (51, 'cashier50', '$2a$10$UPI/M6h5rH7D2BT1R/.4jeJ2WO5.7rltwQvHyQwKavDTM0YjST9NK', 0);
INSERT INTO ACCOUNT (ID, USERNAME, PASSWORD, VERSION)
VALUES (52, 'stylist501', '$2a$10$UPI/M6h5rH7D2BT1R/.4jeJ2WO5.7rltwQvHyQwKavDTM0YjST9NK', 0);
INSERT INTO ACCOUNT (ID, USERNAME, PASSWORD, VERSION)
VALUES (53, 'stylist502', '$2a$10$UPI/M6h5rH7D2BT1R/.4jeJ2WO5.7rltwQvHyQwKavDTM0YjST9NK', 0);
INSERT INTO ACCOUNT (ID, USERNAME, PASSWORD, VERSION)
VALUES (54, 'stylist503', '$2a$10$UPI/M6h5rH7D2BT1R/.4jeJ2WO5.7rltwQvHyQwKavDTM0YjST9NK', 0);
INSERT INTO ACCOUNT (ID, USERNAME, PASSWORD, VERSION)
VALUES (55, 'stylist504', '$2a$10$UPI/M6h5rH7D2BT1R/.4jeJ2WO5.7rltwQvHyQwKavDTM0YjST9NK', 0);
INSERT INTO ACCOUNT (ID, USERNAME, PASSWORD, VERSION)
VALUES (56, 'stylist505', '$2a$10$UPI/M6h5rH7D2BT1R/.4jeJ2WO5.7rltwQvHyQwKavDTM0YjST9NK', 0);

-- Add account role salon 14
INSERT INTO ACCOUNT_ROLE (ACCOUNT_ID, ROLE_ID)
VALUES (50,2), (51,3), (52,4), (53,4), (54,4), (55,4), (56,4);

-- Add employee info salon 14
INSERT INTO EMPLOYEE (ID, ADDRESS, ID_CARD, NAME, PHONE_NUMBER, SALARY, SALON_ID, ACCOUNT_ID)
VALUES (50, '01 Võ Văn Ngân, Thủ Đức, Hồ Chí Minh', '555552221', 'Anh', '0987655521', 0, 14, 50);
INSERT INTO EMPLOYEE (ID, ADDRESS, ID_CARD, NAME, PHONE_NUMBER, SALARY, SALON_ID, ACCOUNT_ID)
VALUES (51, '02 Kha Vạn Cân, Thủ Đức, Hồ Chí Minh', '555552222', 'Bình', '0987655521', 0, 14, 51);
INSERT INTO EMPLOYEE (ID, ADDRESS, ID_CARD, NAME, PHONE_NUMBER, SALARY, SALON_ID, ACCOUNT_ID)
VALUES (52, '03 Hoàng Diệu 2, Thủ Đức, Hồ Chí Minh', '555552223', 'Châu', '0987655522', 0, 14, 52);
INSERT INTO EMPLOYEE (ID, ADDRESS, ID_CARD, NAME, PHONE_NUMBER, SALARY, SALON_ID, ACCOUNT_ID)
VALUES (53, '04 Phạm Văn Đồng, Thủ Đức, Hồ Chí Minh', '555552224', 'Dũng', '0987655523', 0, 14, 53);
INSERT INTO EMPLOYEE (ID, ADDRESS, ID_CARD, NAME, PHONE_NUMBER, SALARY, SALON_ID, ACCOUNT_ID)
VALUES (54, '05 Linh Trung, Thủ Đức, Hồ Chí Minh', '555552225', 'Giang', '0987655524', 0, 14, 54);
INSERT INTO EMPLOYEE (ID, ADDRESS, ID_CARD, NAME, PHONE_NUMBER, SALARY, SALON_ID, ACCOUNT_ID)
VALUES (55, '06 Đường Số 7, Thủ Đức, Hồ Chí Minh', '555552226', 'Huy', '0987655525', 0, 14, 55);
INSERT INTO EMPLOYEE (ID, ADDRESS, ID_CARD, NAME, PHONE_NUMBER, SALARY, SALON_ID, ACCOUNT_ID)
VALUES (56, '07 Đường Số 6, Thủ Đức, Hồ Chí Minh', '555552227', 'Khang', '0987655526', 0, 14, 56);

UPDATE SALON SET MANAGER_ID = 50 WHERE ID = 14;

-- Account Employee Salon 15
INSERT INTO ACCOUNT (ID, USERNAME, PASSWORD, VERSION)
VALUES (60, 'manager60', '$2a$10$UPI/M6h5rH7D2BT1R/.4jeJ2WO5.7rltwQvHyQwKavDTM0YjST9NK', 0);
INSERT INTO ACCOUNT (ID, USERNAME, PASSWORD, VERSION)
VALUES (61, 'cashier60', '$2a$10$UPI/M6h5rH7D2BT1R/.4jeJ2WO5.7rltwQvHyQwKavDTM0YjST9NK', 0);
INSERT INTO ACCOUNT (ID, USERNAME, PASSWORD, VERSION)
VALUES (62, 'stylist601', '$2a$10$UPI/M6h5rH7D2BT1R/.4jeJ2WO5.7rltwQvHyQwKavDTM0YjST9NK', 0);
INSERT INTO ACCOUNT (ID, USERNAME, PASSWORD, VERSION)
VALUES (63, 'stylist602', '$2a$10$UPI/M6h5rH7D2BT1R/.4jeJ2WO5.7rltwQvHyQwKavDTM0YjST9NK', 0);
INSERT INTO ACCOUNT (ID, USERNAME, PASSWORD, VERSION)
VALUES (64, 'stylist603', '$2a$10$UPI/M6h5rH7D2BT1R/.4jeJ2WO5.7rltwQvHyQwKavDTM0YjST9NK', 0);
INSERT INTO ACCOUNT (ID, USERNAME, PASSWORD, VERSION)
VALUES (65, 'stylist604', '$2a$10$UPI/M6h5rH7D2BT1R/.4jeJ2WO5.7rltwQvHyQwKavDTM0YjST9NK', 0);
INSERT INTO ACCOUNT (ID, USERNAME, PASSWORD, VERSION)
VALUES (66, 'stylist605', '$2a$10$UPI/M6h5rH7D2BT1R/.4jeJ2WO5.7rltwQvHyQwKavDTM0YjST9NK', 0);

-- Add account role salon 15
INSERT INTO ACCOUNT_ROLE (ACCOUNT_ID, ROLE_ID)
VALUES (60,2), (61,3), (62,4), (63,4), (64,4), (65,4), (66,4);

-- Add employee info salon 15
INSERT INTO EMPLOYEE (ID, ADDRESS, ID_CARD, NAME, PHONE_NUMBER, SALARY, SALON_ID, ACCOUNT_ID)
VALUES (60, '01 Võ Văn Ngân, Thủ Đức, Hồ Chí Minh', '666662221', 'Anh', '0987666621', 0, 15, 60);
INSERT INTO EMPLOYEE (ID, ADDRESS, ID_CARD, NAME, PHONE_NUMBER, SALARY, SALON_ID, ACCOUNT_ID)
VALUES (61, '02 Kha Vạn Cân, Thủ Đức, Hồ Chí Minh', '666662222', 'Bình', '0987666621', 0, 15, 61);
INSERT INTO EMPLOYEE (ID, ADDRESS, ID_CARD, NAME, PHONE_NUMBER, SALARY, SALON_ID, ACCOUNT_ID)
VALUES (62, '03 Hoàng Diệu 2, Thủ Đức, Hồ Chí Minh', '666662223', 'Châu', '0987666622', 0, 15, 62);
INSERT INTO EMPLOYEE (ID, ADDRESS, ID_CARD, NAME, PHONE_NUMBER, SALARY, SALON_ID, ACCOUNT_ID)
VALUES (63, '04 Phạm Văn Đồng, Thủ Đức, Hồ Chí Minh', '666662224', 'Dũng', '0987666623', 0, 15, 63);
INSERT INTO EMPLOYEE (ID, ADDRESS, ID_CARD, NAME, PHONE_NUMBER, SALARY, SALON_ID, ACCOUNT_ID)
VALUES (64, '05 Linh Trung, Thủ Đức, Hồ Chí Minh', '666662225', 'Giang', '0987666624', 0, 15, 64);
INSERT INTO EMPLOYEE (ID, ADDRESS, ID_CARD, NAME, PHONE_NUMBER, SALARY, SALON_ID, ACCOUNT_ID)
VALUES (65, '06 Đường Số 7, Thủ Đức, Hồ Chí Minh', '666662226', 'Huy', '0987666625', 0, 15, 65);
INSERT INTO EMPLOYEE (ID, ADDRESS, ID_CARD, NAME, PHONE_NUMBER, SALARY, SALON_ID, ACCOUNT_ID)
VALUES (66, '07 Đường Số 6, Thủ Đức, Hồ Chí Minh', '666662227', 'Khang', '0987666626', 0, 15, 66);

UPDATE SALON SET MANAGER_ID = 60 WHERE ID = 15;

-- Account Employee Salon 16
INSERT INTO ACCOUNT (ID, USERNAME, PASSWORD, VERSION)
VALUES (70, 'manager70', '$2a$10$UPI/M6h5rH7D2BT1R/.4jeJ2WO5.7rltwQvHyQwKavDTM0YjST9NK', 0);
INSERT INTO ACCOUNT (ID, USERNAME, PASSWORD, VERSION)
VALUES (71, 'cashier70', '$2a$10$UPI/M6h5rH7D2BT1R/.4jeJ2WO5.7rltwQvHyQwKavDTM0YjST9NK', 0);
INSERT INTO ACCOUNT (ID, USERNAME, PASSWORD, VERSION)
VALUES (72, 'stylist701', '$2a$10$UPI/M6h5rH7D2BT1R/.4jeJ2WO5.7rltwQvHyQwKavDTM0YjST9NK', 0);
INSERT INTO ACCOUNT (ID, USERNAME, PASSWORD, VERSION)
VALUES (73, 'stylist702', '$2a$10$UPI/M6h5rH7D2BT1R/.4jeJ2WO5.7rltwQvHyQwKavDTM0YjST9NK', 0);
INSERT INTO ACCOUNT (ID, USERNAME, PASSWORD, VERSION)
VALUES (74, 'stylist703', '$2a$10$UPI/M6h5rH7D2BT1R/.4jeJ2WO5.7rltwQvHyQwKavDTM0YjST9NK', 0);
INSERT INTO ACCOUNT (ID, USERNAME, PASSWORD, VERSION)
VALUES (75, 'stylist704', '$2a$10$UPI/M6h5rH7D2BT1R/.4jeJ2WO5.7rltwQvHyQwKavDTM0YjST9NK', 0);
INSERT INTO ACCOUNT (ID, USERNAME, PASSWORD, VERSION)
VALUES (76, 'stylist705', '$2a$10$UPI/M6h5rH7D2BT1R/.4jeJ2WO5.7rltwQvHyQwKavDTM0YjST9NK', 0);

-- Add account role salon 16
INSERT INTO ACCOUNT_ROLE (ACCOUNT_ID, ROLE_ID)
VALUES (70,2), (71,3), (72,4), (73,4), (74,4), (75,4), (76,4);

-- Add employee info salon 16
INSERT INTO EMPLOYEE (ID, ADDRESS, ID_CARD, NAME, PHONE_NUMBER, SALARY, SALON_ID, ACCOUNT_ID)
VALUES (70, '01 Võ Văn Ngân, Thủ Đức, Hồ Chí Minh', '777772221', 'Anh', '0987766721', 0, 16, 70);
INSERT INTO EMPLOYEE (ID, ADDRESS, ID_CARD, NAME, PHONE_NUMBER, SALARY, SALON_ID, ACCOUNT_ID)
VALUES (71, '02 Kha Vạn Cân, Thủ Đức, Hồ Chí Minh', '777772222', 'Bình', '0987766721', 0, 16, 71);
INSERT INTO EMPLOYEE (ID, ADDRESS, ID_CARD, NAME, PHONE_NUMBER, SALARY, SALON_ID, ACCOUNT_ID)
VALUES (72, '03 Hoàng Diệu 2, Thủ Đức, Hồ Chí Minh', '777772223', 'Châu', '0987766722', 0, 16, 72);
INSERT INTO EMPLOYEE (ID, ADDRESS, ID_CARD, NAME, PHONE_NUMBER, SALARY, SALON_ID, ACCOUNT_ID)
VALUES (73, '04 Phạm Văn Đồng, Thủ Đức, Hồ Chí Minh', '777772224', 'Dũng', '0987766723', 0, 16, 73);
INSERT INTO EMPLOYEE (ID, ADDRESS, ID_CARD, NAME, PHONE_NUMBER, SALARY, SALON_ID, ACCOUNT_ID)
VALUES (74, '05 Linh Trung, Thủ Đức, Hồ Chí Minh', '777772225', 'Giang', '0987766724', 0, 16, 74);
INSERT INTO EMPLOYEE (ID, ADDRESS, ID_CARD, NAME, PHONE_NUMBER, SALARY, SALON_ID, ACCOUNT_ID)
VALUES (75, '06 Đường Số 7, Thủ Đức, Hồ Chí Minh', '777772226', 'Huy', '0987766725', 0, 16, 75);
INSERT INTO EMPLOYEE (ID, ADDRESS, ID_CARD, NAME, PHONE_NUMBER, SALARY, SALON_ID, ACCOUNT_ID)
VALUES (76, '07 Đường Số 6, Thủ Đức, Hồ Chí Minh', '777772227', 'Khang', '0987766726', 0, 16, 76);

UPDATE SALON SET MANAGER_ID = 70 WHERE ID = 16;

-- Account Employee Salon 17
INSERT INTO ACCOUNT (ID, USERNAME, PASSWORD, VERSION)
VALUES (80, 'manager70', '$2a$10$UPI/M6h5rH7D2BT1R/.4jeJ2WO5.7rltwQvHyQwKavDTM0YjST9NK', 0);
INSERT INTO ACCOUNT (ID, USERNAME, PASSWORD, VERSION)
VALUES (81, 'cashier70', '$2a$10$UPI/M6h5rH7D2BT1R/.4jeJ2WO5.7rltwQvHyQwKavDTM0YjST9NK', 0);
INSERT INTO ACCOUNT (ID, USERNAME, PASSWORD, VERSION)
VALUES (82, 'stylist701', '$2a$10$UPI/M6h5rH7D2BT1R/.4jeJ2WO5.7rltwQvHyQwKavDTM0YjST9NK', 0);
INSERT INTO ACCOUNT (ID, USERNAME, PASSWORD, VERSION)
VALUES (83, 'stylist702', '$2a$10$UPI/M6h5rH7D2BT1R/.4jeJ2WO5.7rltwQvHyQwKavDTM0YjST9NK', 0);
INSERT INTO ACCOUNT (ID, USERNAME, PASSWORD, VERSION)
VALUES (84, 'stylist703', '$2a$10$UPI/M6h5rH7D2BT1R/.4jeJ2WO5.7rltwQvHyQwKavDTM0YjST9NK', 0);
INSERT INTO ACCOUNT (ID, USERNAME, PASSWORD, VERSION)
VALUES (85, 'stylist704', '$2a$10$UPI/M6h5rH7D2BT1R/.4jeJ2WO5.7rltwQvHyQwKavDTM0YjST9NK', 0);
INSERT INTO ACCOUNT (ID, USERNAME, PASSWORD, VERSION)
VALUES (86, 'stylist705', '$2a$10$UPI/M6h5rH7D2BT1R/.4jeJ2WO5.7rltwQvHyQwKavDTM0YjST9NK', 0);

-- Add account role salon 17
INSERT INTO ACCOUNT_ROLE (ACCOUNT_ID, ROLE_ID)
VALUES (80,2), (81,3), (82,4), (83,4), (84,4), (85,4), (86,4);

-- Add employee info salon 17
INSERT INTO EMPLOYEE (ID, ADDRESS, ID_CARD, NAME, PHONE_NUMBER, SALARY, SALON_ID, ACCOUNT_ID)
VALUES (80, '01 Võ Văn Ngân, Thủ Đức, Hồ Chí Minh', '888882221', 'Anh', '0987766721', 0, 17, 80);
INSERT INTO EMPLOYEE (ID, ADDRESS, ID_CARD, NAME, PHONE_NUMBER, SALARY, SALON_ID, ACCOUNT_ID)
VALUES (81, '02 Kha Vạn Cân, Thủ Đức, Hồ Chí Minh', '888882222', 'Bình', '0987766721', 0, 17, 81);
INSERT INTO EMPLOYEE (ID, ADDRESS, ID_CARD, NAME, PHONE_NUMBER, SALARY, SALON_ID, ACCOUNT_ID)
VALUES (82, '03 Hoàng Diệu 2, Thủ Đức, Hồ Chí Minh', '888882223', 'Châu', '0987766722', 0, 17, 82);
INSERT INTO EMPLOYEE (ID, ADDRESS, ID_CARD, NAME, PHONE_NUMBER, SALARY, SALON_ID, ACCOUNT_ID)
VALUES (83, '04 Phạm Văn Đồng, Thủ Đức, Hồ Chí Minh', '888882224', 'Dũng', '0987766723', 0, 17, 83);
INSERT INTO EMPLOYEE (ID, ADDRESS, ID_CARD, NAME, PHONE_NUMBER, SALARY, SALON_ID, ACCOUNT_ID)
VALUES (84, '05 Linh Trung, Thủ Đức, Hồ Chí Minh', '888882225', 'Giang', '0987766724', 0, 17, 84);
INSERT INTO EMPLOYEE (ID, ADDRESS, ID_CARD, NAME, PHONE_NUMBER, SALARY, SALON_ID, ACCOUNT_ID)
VALUES (85, '06 Đường Số 7, Thủ Đức, Hồ Chí Minh', '888882226', 'Huy', '0987766725', 0, 17, 85);
INSERT INTO EMPLOYEE (ID, ADDRESS, ID_CARD, NAME, PHONE_NUMBER, SALARY, SALON_ID, ACCOUNT_ID)
VALUES (86, '07 Đường Số 6, Thủ Đức, Hồ Chí Minh', '888882227', 'Khang', '0987766726', 0, 17, 86);

UPDATE SALON SET MANAGER_ID = 80 WHERE ID = 17;

-- Account Employee Salon 18
INSERT INTO ACCOUNT (ID, USERNAME, PASSWORD, VERSION)
VALUES (90, 'manager70', '$2a$10$UPI/M6h5rH7D2BT1R/.4jeJ2WO5.7rltwQvHyQwKavDTM0YjST9NK', 0);
INSERT INTO ACCOUNT (ID, USERNAME, PASSWORD, VERSION)
VALUES (91, 'cashier70', '$2a$10$UPI/M6h5rH7D2BT1R/.4jeJ2WO5.7rltwQvHyQwKavDTM0YjST9NK', 0);
INSERT INTO ACCOUNT (ID, USERNAME, PASSWORD, VERSION)
VALUES (92, 'stylist701', '$2a$10$UPI/M6h5rH7D2BT1R/.4jeJ2WO5.7rltwQvHyQwKavDTM0YjST9NK', 0);
INSERT INTO ACCOUNT (ID, USERNAME, PASSWORD, VERSION)
VALUES (93, 'stylist702', '$2a$10$UPI/M6h5rH7D2BT1R/.4jeJ2WO5.7rltwQvHyQwKavDTM0YjST9NK', 0);
INSERT INTO ACCOUNT (ID, USERNAME, PASSWORD, VERSION)
VALUES (94, 'stylist703', '$2a$10$UPI/M6h5rH7D2BT1R/.4jeJ2WO5.7rltwQvHyQwKavDTM0YjST9NK', 0);
INSERT INTO ACCOUNT (ID, USERNAME, PASSWORD, VERSION)
VALUES (95, 'stylist704', '$2a$10$UPI/M6h5rH7D2BT1R/.4jeJ2WO5.7rltwQvHyQwKavDTM0YjST9NK', 0);
INSERT INTO ACCOUNT (ID, USERNAME, PASSWORD, VERSION)
VALUES (96, 'stylist705', '$2a$10$UPI/M6h5rH7D2BT1R/.4jeJ2WO5.7rltwQvHyQwKavDTM0YjST9NK', 0);

-- Add account role salon 18
INSERT INTO ACCOUNT_ROLE (ACCOUNT_ID, ROLE_ID)
VALUES (90,2), (91,3), (92,4), (93,4), (94,4), (95,4), (96,4);

-- Add employee info salon 18
INSERT INTO EMPLOYEE (ID, ADDRESS, ID_CARD, NAME, PHONE_NUMBER, SALARY, SALON_ID, ACCOUNT_ID)
VALUES (90, '01 Võ Văn Ngân, Thủ Đức, Hồ Chí Minh', '999992221', 'Anh', '0987766721', 0, 18, 90);
INSERT INTO EMPLOYEE (ID, ADDRESS, ID_CARD, NAME, PHONE_NUMBER, SALARY, SALON_ID, ACCOUNT_ID)
VALUES (91, '02 Kha Vạn Cân, Thủ Đức, Hồ Chí Minh', '999992222', 'Bình', '0987766721', 0, 18, 91);
INSERT INTO EMPLOYEE (ID, ADDRESS, ID_CARD, NAME, PHONE_NUMBER, SALARY, SALON_ID, ACCOUNT_ID)
VALUES (92, '03 Hoàng Diệu 2, Thủ Đức, Hồ Chí Minh', '999992223', 'Châu', '0987766722', 0, 18, 92);
INSERT INTO EMPLOYEE (ID, ADDRESS, ID_CARD, NAME, PHONE_NUMBER, SALARY, SALON_ID, ACCOUNT_ID)
VALUES (93, '04 Phạm Văn Đồng, Thủ Đức, Hồ Chí Minh', '999992224', 'Dũng', '0987766723', 0, 18, 93);
INSERT INTO EMPLOYEE (ID, ADDRESS, ID_CARD, NAME, PHONE_NUMBER, SALARY, SALON_ID, ACCOUNT_ID)
VALUES (94, '05 Linh Trung, Thủ Đức, Hồ Chí Minh', '999992225', 'Giang', '0987766724', 0, 18, 94);
INSERT INTO EMPLOYEE (ID, ADDRESS, ID_CARD, NAME, PHONE_NUMBER, SALARY, SALON_ID, ACCOUNT_ID)
VALUES (95, '06 Đường Số 7, Thủ Đức, Hồ Chí Minh', '999992226', 'Huy', '0987766725', 0, 18, 95);
INSERT INTO EMPLOYEE (ID, ADDRESS, ID_CARD, NAME, PHONE_NUMBER, SALARY, SALON_ID, ACCOUNT_ID)
VALUES (96, '07 Đường Số 6, Thủ Đức, Hồ Chí Minh', '999992227', 'Khang', '0987766726', 0, 18, 96);

UPDATE SALON SET MANAGER_ID = 90 WHERE ID = 18;

-- Account Employee Salon 19
INSERT INTO ACCOUNT (ID, USERNAME, PASSWORD, VERSION)
VALUES (100, 'manager70', '$2a$10$UPI/M6h5rH7D2BT1R/.4jeJ2WO5.7rltwQvHyQwKavDTM0YjST9NK', 0);
INSERT INTO ACCOUNT (ID, USERNAME, PASSWORD, VERSION)
VALUES (101, 'cashier70', '$2a$10$UPI/M6h5rH7D2BT1R/.4jeJ2WO5.7rltwQvHyQwKavDTM0YjST9NK', 0);
INSERT INTO ACCOUNT (ID, USERNAME, PASSWORD, VERSION)
VALUES (102, 'stylist701', '$2a$10$UPI/M6h5rH7D2BT1R/.4jeJ2WO5.7rltwQvHyQwKavDTM0YjST9NK', 0);
INSERT INTO ACCOUNT (ID, USERNAME, PASSWORD, VERSION)
VALUES (103, 'stylist702', '$2a$10$UPI/M6h5rH7D2BT1R/.4jeJ2WO5.7rltwQvHyQwKavDTM0YjST9NK', 0);
INSERT INTO ACCOUNT (ID, USERNAME, PASSWORD, VERSION)
VALUES (104, 'stylist703', '$2a$10$UPI/M6h5rH7D2BT1R/.4jeJ2WO5.7rltwQvHyQwKavDTM0YjST9NK', 0);
INSERT INTO ACCOUNT (ID, USERNAME, PASSWORD, VERSION)
VALUES (105, 'stylist704', '$2a$10$UPI/M6h5rH7D2BT1R/.4jeJ2WO5.7rltwQvHyQwKavDTM0YjST9NK', 0);
INSERT INTO ACCOUNT (ID, USERNAME, PASSWORD, VERSION)
VALUES (106, 'stylist705', '$2a$10$UPI/M6h5rH7D2BT1R/.4jeJ2WO5.7rltwQvHyQwKavDTM0YjST9NK', 0);

-- Add account role salon 19
INSERT INTO ACCOUNT_ROLE (ACCOUNT_ID, ROLE_ID)
VALUES (100,2), (101,3), (102,4), (103,4), (104,4), (105,4), (106,4);

-- Add employee info salon 19
INSERT INTO EMPLOYEE (ID, ADDRESS, ID_CARD, NAME, PHONE_NUMBER, SALARY, SALON_ID, ACCOUNT_ID)
VALUES (100, '01 Võ Văn Ngân, Thủ Đức, Hồ Chí Minh', '910101021', 'Anh', '0987766721', 0, 19, 100);
INSERT INTO EMPLOYEE (ID, ADDRESS, ID_CARD, NAME, PHONE_NUMBER, SALARY, SALON_ID, ACCOUNT_ID)
VALUES (101, '02 Kha Vạn Cân, Thủ Đức, Hồ Chí Minh', '910101022', 'Bình', '0987766721', 0, 19, 101);
INSERT INTO EMPLOYEE (ID, ADDRESS, ID_CARD, NAME, PHONE_NUMBER, SALARY, SALON_ID, ACCOUNT_ID)
VALUES (102, '03 Hoàng Diệu 2, Thủ Đức, Hồ Chí Minh', '910101023', 'Châu', '0987766722', 0, 19, 102);
INSERT INTO EMPLOYEE (ID, ADDRESS, ID_CARD, NAME, PHONE_NUMBER, SALARY, SALON_ID, ACCOUNT_ID)
VALUES (103, '04 Phạm Văn Đồng, Thủ Đức, Hồ Chí Minh', '910101024', 'Dũng', '0987766723', 0, 19, 103);
INSERT INTO EMPLOYEE (ID, ADDRESS, ID_CARD, NAME, PHONE_NUMBER, SALARY, SALON_ID, ACCOUNT_ID)
VALUES (104, '05 Linh Trung, Thủ Đức, Hồ Chí Minh', '910101025', 'Giang', '0987766724', 0, 19, 104);
INSERT INTO EMPLOYEE (ID, ADDRESS, ID_CARD, NAME, PHONE_NUMBER, SALARY, SALON_ID, ACCOUNT_ID)
VALUES (105, '06 Đường Số 7, Thủ Đức, Hồ Chí Minh', '910101026', 'Huy', '0987766725', 0, 19, 105);
INSERT INTO EMPLOYEE (ID, ADDRESS, ID_CARD, NAME, PHONE_NUMBER, SALARY, SALON_ID, ACCOUNT_ID)
VALUES (106, '07 Đường Số 6, Thủ Đức, Hồ Chí Minh', '910101027', 'Khang', '0987766726', 0, 19, 106);

UPDATE SALON SET MANAGER_ID = 100 WHERE ID = 19;

select setval('SEQ_ACCOUNT', 200);

select setval('SEQ_EMPLOYEE', 200);

ALTER TABLE SERVICE ADD COLUMN IF NOT EXISTS DESCRIPTION_IMAGE VARCHAR;
UPDATE SERVICE SET
DESCRIPTION_IMAGE = 'https://firebasestorage.googleapis.com/v0/b/sms-fe.appspot.com/o/service%2Fbooking%2FCOMBO_4.jpg?alt=media&token=c2060511-6d68-4375-b5e0-57ff4209cd10'
WHERE ID = 1;

UPDATE SERVICE SET
DESCRIPTION_IMAGE = 'https://firebasestorage.googleapis.com/v0/b/sms-fe.appspot.com/o/service%2Fbooking%2FCOMBO_3.jpg?alt=media&token=bd209530-596b-41ad-9625-d937acb8f778'
WHERE ID = 2;

UPDATE SERVICE SET
DESCRIPTION_IMAGE = 'https://firebasestorage.googleapis.com/v0/b/sms-fe.appspot.com/o/service%2Fbooking%2FCOMBO_3_2.jpg?alt=media&token=b5293cdf-46f7-4a99-aa9e-4d2ed5d25d86'
WHERE ID = 3;

UPDATE SERVICE SET
DESCRIPTION_IMAGE = 'https://firebasestorage.googleapis.com/v0/b/sms-fe.appspot.com/o/service%2Fbooking%2FCOMBO_2.jpg?alt=media&token=0023fc2e-8e4a-4597-aa6e-dc9c1ca5b663'
WHERE ID = 4;

UPDATE SERVICE SET
DESCRIPTION_IMAGE = 'https://firebasestorage.googleapis.com/v0/b/sms-fe.appspot.com/o/service%2Fbooking%2FSHINECOMBO.jpg?alt=media&token=60a198d1-f189-4e1b-a280-332fe7501f58'
WHERE ID = 5;

UPDATE SERVICE SET
DESCRIPTION_IMAGE = 'https://firebasestorage.googleapis.com/v0/b/sms-fe.appspot.com/o/service%2Fbooking%2FKID%20COMBO.jpg?alt=media&token=b14d2145-3c32-4180-8d56-efa6705b9332'
WHERE ID = 6;

UPDATE SERVICE SET
DESCRIPTION_IMAGE = 'https://firebasestorage.googleapis.com/v0/b/sms-fe.appspot.com/o/service%2Fbooking%2FT%E1%BA%A0O%20KI%E1%BB%82U.jpg?alt=media&token=89ff226a-25ba-43ae-8e51-50b625f9797f'
WHERE ID = 7;

UPDATE SERVICE SET
DESCRIPTION_IMAGE = 'https://firebasestorage.googleapis.com/v0/b/sms-fe.appspot.com/o/service%2Fbooking%2FU%E1%BB%90N%20T%E1%BA%A0O%20PH%E1%BB%92NG%20OK.jpg?alt=media&token=d4e90580-e9ae-43d7-9070-6e3190f2bddb'
WHERE ID = 8;

UPDATE SERVICE SET
DESCRIPTION_IMAGE = 'https://firebasestorage.googleapis.com/v0/b/sms-fe.appspot.com/o/service%2Fbooking%2FU%E1%BB%90N%20CAO%20C%E1%BA%A4P.jpg?alt=media&token=f34f8e8d-515e-4337-9ce6-091e78cb51cd'
WHERE ID = 9;

UPDATE SERVICE SET
DESCRIPTION_IMAGE = 'https://firebasestorage.googleapis.com/v0/b/sms-fe.appspot.com/o/service%2Fbooking%2FPREMLOCK.jpg?alt=media&token=eb69b036-8dd4-4faa-a809-b6487453f3ef'
WHERE ID = 10;

UPDATE SERVICE SET
DESCRIPTION_IMAGE = 'https://firebasestorage.googleapis.com/v0/b/sms-fe.appspot.com/o/service%2Fbooking%2FNHU%E1%BB%98M%20TI%C3%8AU%20CHU%E1%BA%A8N.jpg?alt=media&token=d5ea2eae-cf21-4cf4-9bf5-bf31721e56a4'
WHERE ID = 11;

UPDATE SERVICE SET
DESCRIPTION_IMAGE = 'https://firebasestorage.googleapis.com/v0/b/sms-fe.appspot.com/o/service%2Fbooking%2FT%E1%BA%A8Y%20T%C3%93C.jpg?alt=media&token=219ad34f-4cb6-4d43-857b-6dd9d0060e37'
WHERE ID = 12;

UPDATE SERVICE SET
DESCRIPTION_IMAGE = 'https://firebasestorage.googleapis.com/v0/b/sms-fe.appspot.com/o/service%2Fbooking%2FNHU%E1%BB%98M%20CAO%20C%E1%BA%A4P.jpg?alt=media&token=b477f0e4-592c-4f4a-802e-fad76d24cf9b'
WHERE ID = 13;

UPDATE SERVICE SET
DESCRIPTION_IMAGE = 'https://firebasestorage.googleapis.com/v0/b/sms-fe.appspot.com/o/service%2Fbooking%2FNHU%E1%BB%98MHIGHTLIGHT.jpg?alt=media&token=2758bada-7853-4a73-8e46-c3cd1026f10a'
WHERE ID = 14;

UPDATE SERVICE SET
DESCRIPTION_IMAGE = 'https://firebasestorage.googleapis.com/v0/b/sms-fe.appspot.com/o/service%2Fbooking%2FH%E1%BA%A4P_D%C6%AF%E1%BB%A0NG_OLIU.jpg?alt=media&token=9f58c6a3-e4e3-4800-849b-43b244a976b7'
WHERE ID = 15;

UPDATE SERVICE SET
DESCRIPTION_IMAGE = 'https://firebasestorage.googleapis.com/v0/b/sms-fe.appspot.com/o/service%2Fbooking%2FPH%E1%BB%A4C%20H%E1%BB%92I%20NANO.jpg?alt=media&token=2bbec6b5-6de7-43f7-b306-30e06e6b17c3'
WHERE ID = 16;

UPDATE SERVICE SET
DESCRIPTION_IMAGE = 'https://firebasestorage.googleapis.com/v0/b/sms-fe.appspot.com/o/service%2Fbooking%2FM%E1%BA%B6T%20N%E1%BA%A0%20L%E1%BA%A0NH%20COOL%20SHINE.jpg?alt=media&token=01c2742b-5128-4c95-9722-6d8eb86669e7'
WHERE ID = 17;

UPDATE SERVICE SET
DESCRIPTION_IMAGE = 'https://firebasestorage.googleapis.com/v0/b/sms-fe.appspot.com/o/service%2Fbooking%2FL%E1%BA%A4Y%20M%E1%BB%A4N%20M%C5%A8I%20CHUY%C3%8AN%20S%C3%82U.jpg?alt=media&token=8d72a425-8948-4d47-a679-c49ce86e9dc4'
WHERE ID = 18;

UPDATE SERVICE SET
DESCRIPTION_IMAGE = 'https://firebasestorage.googleapis.com/v0/b/sms-fe.appspot.com/o/service%2Fbooking%2FT%E1%BA%A8Y%20DA%20CH%E1%BA%BET.jpg?alt=media&token=30c1811b-1c04-4b7d-8743-ec97e0a059af'
WHERE ID = 19;

UPDATE SERVICE SET
DESCRIPTION_IMAGE = 'https://firebasestorage.googleapis.com/v0/b/sms-fe.appspot.com/o/service%2Fbooking%2FDETOX_DA_D%E1%BA%A6U.jpg?alt=media&token=7d759994-bed6-441d-9b54-06eab619f8f0'
WHERE ID = 20;

UPDATE SERVICE SET duration = 30



