-- Init role
DELETE FROM ACCOUNT_ROLE WHERE ACCOUNT_ID IN (2,3,4,5,6,7,8,9);
UPDATE EMPLOYEE SET SALON_ID = NULL WHERE SALON_ID = 1;
DELETE FROM SALON WHERE ID = 1;
DELETE FROM EMPLOYEE WHERE ID < 10;
DELETE FROM ACCOUNT WHERE ID IN (2,3,4,5,6,7,8,9);
--  Insert accounts for each role with password encrypted (plaintext: 12345678)
INSERT INTO ACCOUNT (ID, USERNAME, PASSWORD, VERSION)
VALUES (2, 'hung_manager', '$2a$10$UPI/M6h5rH7D2BT1R/.4jeJ2WO5.7rltwQvHyQwKavDTM0YjST9NK', 0);
INSERT INTO ACCOUNT (ID, USERNAME, PASSWORD, VERSION)
VALUES (3, 'tram_manager', '$2a$10$UPI/M6h5rH7D2BT1R/.4jeJ2WO5.7rltwQvHyQwKavDTM0YjST9NK', 0);
INSERT INTO ACCOUNT (ID, USERNAME, PASSWORD, VERSION)
VALUES (4, 'hung_cashier', '$2a$10$UPI/M6h5rH7D2BT1R/.4jeJ2WO5.7rltwQvHyQwKavDTM0YjST9NK', 0);
INSERT INTO ACCOUNT (ID, USERNAME, PASSWORD, VERSION)
VALUES (5, 'tram_cashier', '$2a$10$UPI/M6h5rH7D2BT1R/.4jeJ2WO5.7rltwQvHyQwKavDTM0YjST9NK', 0);
INSERT INTO ACCOUNT (ID, USERNAME, PASSWORD, VERSION)
VALUES (6, 'hung_stylist', '$2a$10$UPI/M6h5rH7D2BT1R/.4jeJ2WO5.7rltwQvHyQwKavDTM0YjST9NK', 0);
INSERT INTO ACCOUNT (ID, USERNAME, PASSWORD, VERSION)
VALUES (7, 'tram_stylist', '$2a$10$UPI/M6h5rH7D2BT1R/.4jeJ2WO5.7rltwQvHyQwKavDTM0YjST9NK', 0);
INSERT INTO ACCOUNT (ID, USERNAME, PASSWORD, VERSION)
VALUES (8, 'hung_customer', '$2a$10$UPI/M6h5rH7D2BT1R/.4jeJ2WO5.7rltwQvHyQwKavDTM0YjST9NK', 0);
INSERT INTO ACCOUNT (ID, USERNAME, PASSWORD, VERSION)
VALUES (9, 'tram_customer', '$2a$10$UPI/M6h5rH7D2BT1R/.4jeJ2WO5.7rltwQvHyQwKavDTM0YjST9NK', 0);
-- Add account role
INSERT INTO ACCOUNT_ROLE (ACCOUNT_ID, ROLE_ID)
VALUES (2,2), (3,2), (4,3), (5,3), (6,4), (7,4), (8,5), (9,5);

-- Add salon
ALTER TABLE SALON ALTER COLUMN VERSION SET DEFAULT 0;
INSERT INTO SALON (ID, STREET, DISTRICT_ID, PROVINCE_ID, WARD_ID)
VALUES (1, '01 VO VAN NGAN', 1, 1, 1);

-- Add employee
ALTER TABLE EMPLOYEE ALTER COLUMN VERSION SET DEFAULT 0;
INSERT INTO EMPLOYEE (ID, ADDRESS, ID_CARD, NAME, PHONE_NUMBER, SALARY, ACCOUNT_ID, SALON_ID)
VALUES (1, '01 VO VAN NGAN, THU DUC, HO CHI MINH', '111111111', 'HUNG ADMIN', '0987654321', 0, 1, 1);
INSERT INTO EMPLOYEE (ID, ADDRESS, ID_CARD, NAME, PHONE_NUMBER, SALARY, ACCOUNT_ID, SALON_ID)
VALUES (2, '02 VO VAN NGAN, THU DUC, HO CHI MINH', '111111112', 'HUNG MANAGER', '0987654322', 0, 2, 1);
INSERT INTO EMPLOYEE (ID, ADDRESS, ID_CARD, NAME, PHONE_NUMBER, SALARY, ACCOUNT_ID, SALON_ID)
VALUES (3, '03 VO VAN NGAN, THU DUC, HO CHI MINH', '111111113', 'TRAM MANAGER', '0987654323', 0, 3, 1);
INSERT INTO EMPLOYEE (ID, ADDRESS, ID_CARD, NAME, PHONE_NUMBER, SALARY, ACCOUNT_ID, SALON_ID)
VALUES (4, '04 VO VAN NGAN, THU DUC, HO CHI MINH', '111111114', 'HUNG CASHIER', '0987654324', 0, 4, 1);
INSERT INTO EMPLOYEE (ID, ADDRESS, ID_CARD, NAME, PHONE_NUMBER, SALARY, ACCOUNT_ID, SALON_ID)
VALUES (5, '05 VO VAN NGAN, THU DUC, HO CHI MINH', '111111115', 'TRAM CASHIER', '0987654325', 0, 5, 1);
INSERT INTO EMPLOYEE (ID, ADDRESS, ID_CARD, NAME, PHONE_NUMBER, SALARY, ACCOUNT_ID, SALON_ID)
VALUES (6, '06 VO VAN NGAN, THU DUC, HO CHI MINH', '111111116', 'HUNG STYLIST', '0987654326', 0, 6, 1);
INSERT INTO EMPLOYEE (ID, ADDRESS, ID_CARD, NAME, PHONE_NUMBER, SALARY, ACCOUNT_ID, SALON_ID)
VALUES (7, '07 VO VAN NGAN, THU DUC, HO CHI MINH', '111111117', 'TRAM STYLIST', '0987654327', 0, 7, 1);
INSERT INTO EMPLOYEE (ID, ADDRESS, ID_CARD, NAME, PHONE_NUMBER, SALARY, ACCOUNT_ID, SALON_ID)
VALUES (8, '08 VO VAN NGAN, THU DUC, HO CHI MINH', '111111118', 'HUNG CUSTOMER', '0987654328', 0, 8, 1);
INSERT INTO EMPLOYEE (ID, ADDRESS, ID_CARD, NAME, PHONE_NUMBER, SALARY, ACCOUNT_ID, SALON_ID)
VALUES (9, '09 VO VAN NGAN, THU DUC, HO CHI MINH', '111111119', 'TRAM CASHIER', '0987654329', 0, 9, 1);

UPDATE SALON SET MANAGER_ID = 1;
UPDATE EMPLOYEE  SET AVATAR = 'https://firebasestorage.googleapis.com/v0/b/sms-fe.appspot.com/o/salon-banner%2Fdefault_avatar.png?alt=media&token=2ba634ac-95d6-452f-907f-9c6cc08eb454'
WHERE ID < 10;
